[

    {
        "id":1,
        "name": "The great Gatsby",
        "price": "F. Scott Fitzgerald",
        "category": "Novel"
      },
      {
        "id":2,
        "name": "To Kill a Mockingbird",

        "price": "Harper Lee",
        "category": "Novel"
      },
      {
        "id":3,
        "name": "Crazy Rich Asians",

        "price": "Kevin Kwan",
        "category": "Novel"
      },
      {
        "id":4,
        "name": "House of Leaves",

        "price": "Mark Z. Danielewski",
        "category": "horror"
      },
      {
        "id":5,
        "name": "The Alchemist",

        "price": "Paulo Coelho",
        "category": "drama"
      },
      {
        "id":6,
        "name": "Brave New World",

        "price": "Aldous Huxley",
        "category": "sci-fi"
      },
      {
        "id":7,
        "name": "thytht ",

        "price": "Aldous Huxley",
        "category": "sci-fi"
      }
]